fname,lname,age,gender,adhar,contact,email,address
hemanth,yegirededy,22,male,98745678,hemanthyegireddyad@gmail.com,7993306633`,vizag
mouli,cheerala,22,female,8765476567,cheerladinnemouli123@gmail.com,098576789,vizag
mouli,cheerala,22,female,8765476567,cheerladinnemouli123@gmail.com,987654678,vizag
santosh,matcha,22,female,87654567,harishkothi19@gmail.com,4567890987,vizag
dengue,"vakala ",21,female,876345679,hemanthyegireddyad@gmail.com,9010513677,hyd
kavitha,nambaru,21,female,87653456,kavithanambaru632@gmail.com,9849818035,vizag
